<?xml  version="1.0" encoding="UTF-8"?>
<beans xmlns="http://www.springframework.org/schema/beans"
	xmlns:xsi="http://www.w3.org/2001/XMLSchema-instance" xmlns:aop="http://www.springframework.org/schema/aop"
	xmlns:mvc="http://www.springframework.org/schema/mvc" xmlns:context="http://www.springframework.org/schema/context"
	xmlns:jee="http://www.springframework.org/schema/jee" xmlns:lang="http://www.springframework.org/schema/lang"
	xmlns:p="http://www.springframework.org/schema/p" xmlns:tx="http://www.springframework.org/schema/tx"
	xmlns:util="http://www.springframework.org/schema/util" xmlns:mybatis="http://mybatis.org/schema/mybatis-spring"
	xsi:schemaLocation="http://www.springframework.org/schema/beans http://www.springframework.org/schema/beans/spring-beans.xsd
		http://www.springframework.org/schema/aop http://www.springframework.org/schema/aop/spring-aop.xsd
		 http://www.springframework.org/schema/mvc
        http://www.springframework.org/schema/mvc/spring-mvc.xsd
		http://www.springframework.org/schema/context http://www.springframework.org/schema/context/spring-context.xsd
		http://www.springframework.org/schema/jee http://www.springframework.org/schema/jee/spring-jee.xsd
		http://www.springframework.org/schema/lang http://www.springframework.org/schema/lang/spring-lang.xsd
		http://www.springframework.org/schema/tx http://www.springframework.org/schema/tx/spring-tx.xsd
		http://www.springframework.org/schema/util http://www.springframework.org/schema/util/spring-util.xsd
		http://mybatis.org/schema/mybatis-spring http://mybatis.org/schema/mybatis-spring.xsd">

	<context:annotation-config />
	<context:component-scan base-package="com.standard.envvalidator" />
	<mvc:default-servlet-handler />
	<mvc:annotation-driven />

	<!-- <bean class="org.springframework.beans.factory.config.PropertyPlaceholderConfigurer">
        <property name="locations">
            <list>
                <value>classpath:validation.properties</value>
                <value>classpath:environment.properties</value>
            </list>
        </property>
        <property name="systemPropertiesModeName" value="SYSTEM_PROPERTIES_MODE_FALLBACK" />
    </bean>
	<util:properties id="viewPropertyConfigurer" location="classpath:environment.properties"/>
	<context:property-placeholder properties-ref="viewPropertyConfigurer" /> -->
	
	<bean class="com.standard.envvalidator.util.ValidatorUtil" />
	
	<!-- ### Hibernate Configurations ### -->
	<!-- <bean id="dataSource" class="org.springframework.jndi.JndiObjectFactoryBean">
		<property name="jndiName" value="java:/RPDocDS" />
	</bean>


	2. creating the sessionfactory object used for database interactions 
		and inject the sessionfactory objects in dao
	<bean id="sessionFactory"
		class="org.springframework.orm.hibernate4.LocalSessionFactoryBean">
		<property name="dataSource" ref="dataSource" />
		<property name="configLocation">
			<value>classpath:hibernate.cfg.xml</value>
		</property>
		<property name="packagesToScan" value="com.standard.rpdocsearch" />
	</bean>

	<bean id="transactionManager"
		class="org.springframework.orm.hibernate4.HibernateTransactionManager">
		<property name="sessionFactory" ref="sessionFactory" />
	</bean> -->
	
	

	<bean
		class="org.springframework.web.servlet.handler.SimpleMappingExceptionResolver">
		<property name="exceptionMappings">
			<props>
				<prop key="com.standard.envvalidator.exception.ValidatorException">
					../errorPage.jsp
				</prop>
			</props>
		</property>
		<property name="defaultErrorView" value="../errorPage.jsp" />
	</bean>


	<tx:annotation-driven transaction-manager="transactionManager" />

</beans>