<?xml version="1.0" encoding="UTF-8"?>
<Configuration>
  <Appenders>

    <!-- Console Appender -->
    <Console name="Console" target="SYSTEM_OUT">
      <PatternLayout pattern="%d{yyyy-MMM-dd HH:mm:ss a} [%t] %-5level %logger{36} - %msg%n" />
    </Console>

    <!-- Rolling File Appender -->
    <RollingFile name="RollingFile">
      <FileName>/apps/logs/validator-logs/validator.log</FileName>
      <FilePattern>/apps/logs/rpds-logs/rpds.%d{yyyy-MM-dd-hh}-%i.log.zip</FilePattern>
      <PatternLayout>
        <Pattern>%d{yyyy-MMM-dd HH24:mm:ss} %-5level %logger{36} - %msg%n</Pattern>
      </PatternLayout>
      <Policies>
        <SizeBasedTriggeringPolicy size="10 MB" />
      </Policies>
      <DefaultRolloverStrategy max="5" />
    </RollingFile>

  </Appenders>
  <Loggers>
    <Logger name="com.standard.envvalidator" level="debug" additivity="false">
      <AppenderRef ref="RollingFile" />
      
    </Logger>
    <Root level="trace">
      <AppenderRef ref="Console" />
    </Root>
  </Loggers>
</Configuration>